sample_id,patient_id,group,timepoint,sex,age,gex_fastq_path,vdj_t_fastq_path,vdj_t_gd_fastq_path,vdj_b_fastq_path,gex_fastq_prefix,vdj_t_fastq_prefix,vdj_t_gd_fastq_prefix,vdj_b_fastq_prefix
Ab3-2,donor_1,AB3,2,,,/path/to/project/rawdata,,/path/to/project/rawdata,,Ab3-2-5LIB,,Ab3-2-TCR,
ab3-3,donor_1,AB3,3,,,/path/to/project/rawdata,,/path/to/project/rawdata,,ab3-3-5LIB,,ab3-3-TCR,
ZTN-Vd1,donor_1,AB3,1,,,/path/to/project/rawdata,,/path/to/project/rawdata,,ZTN-Vd1-5LIB,,ZTN-Vd1-TCR,
Blank-2,donor_1,Blank,2,,,/path/to/project/rawdata,,/path/to/project/rawdata,,Blank-2-5LIB,,Blank-2-TCR,
blank-3,donor_1,Blank,3,,,/path/to/project/rawdata,,/path/to/project/rawdata,,blank-3-5LIB,,blank-3-TCR,
blank-4,donor_1,Blank,4,,,/path/to/project/rawdata,,/path/to/project/rawdata,,blank-4-5LIB,,blank-4-TCR,
blank-5,donor_1,Blank,5,,,/path/to/project/rawdata,,/path/to/project/rawdata,,blank-5-5LIB,,blank-5-TCR,
EG-3,donor_1,MSH2,3,,,/path/to/project/rawdata,,/path/to/project/rawdata,,EG-3-5LIB,,EG-3-TCR,
EG-4,donor_1,MSH2,4,,,/path/to/project/rawdata,,/path/to/project/rawdata,,EG-4-5LIB,,EG-4-TCR,
EG-5,donor_1,MSH2,5,,,/path/to/project/rawdata,,/path/to/project/rawdata,,EG-5-5LIB,,EG-5-TCR,
naive-4,donor_1,Naive,4,,,/path/to/project/rawdata,,/path/to/project/rawdata,,naive-4-5LIB,,naive-4-TCR,
naive-5,donor_1,Naive,5,,,/path/to/project/rawdata,,/path/to/project/rawdata,,naive-5-5LIB,,naive-5-TCR,
naive-7,donor_1,Naive,7,,,/path/to/project/rawdata,,/path/to/project/rawdata,,naive-7-5LIB,,naive-7-TCR,
ZTN-Vd2,donor_1,PAN,1,,,/path/to/project/rawdata,,/path/to/project/rawdata,,ZTN-Vd2-5LIB,,ZTN-Vd2-TCR,
Pan-2,donor_1,PAN,2,,,/path/to/project/rawdata,,/path/to/project/rawdata,,Pan-2-5LIB,,Pan-2-TCR,
pan-3,donor_1,PAN,3,,,/path/to/project/rawdata,,/path/to/project/rawdata,,pan-3-5LIB,,pan-3-TCR,
ZOL-6,donor_1,ZOL,6,,,/path/to/project/rawdata,,/path/to/project/rawdata,,ZOL-6-5LIB,,ZOL-6-TCR,
ZOL-7,donor_1,ZOL,7,,,/path/to/project/rawdata,,/path/to/project/rawdata,,ZOL-7-5LIB,,ZOL-7-TCR,
ZOL-8,donor_1,ZOL,8,,,/path/to/project/rawdata,,/path/to/project/rawdata,,ZOL-8-5LIB,,ZOL-8-TCR,
